Date,SPY,AMZN
2/01/2019,229.843338,76.956497
3/01/2019,224.358643,75.014
4/01/2019,231.873703,78.769501
7/01/2019,233.70192,81.475502
8/01/2019,235.897614,82.829002
9/01/2019,237.000076,82.971001
10/01/2019,237.836121,82.810997
11/01/2019,237.927994,82.028
14/01/2019,236.476425,80.860497
15/01/2019,239.1866,83.727997
16/01/2019,239.765427,84.189003
17/01/2019,241.584442,84.661003
18/01/2019,244.799957,84.809998
22/01/2019,241.492523,81.608498
23/01/2019,241.997879,82.000999
24/01/2019,242.12648,82.746498
25/01/2019,244.175247,83.528503
28/01/2019,242.319504,81.894501
29/01/2019,241.997879,79.694
30/01/2019,245.828888,83.5215
31/01/2019,247.987885,85.936501
1/02/2019,248.107361,81.311501
4/02/2019,249.852844,81.665497
5/02/2019,250.900208,82.940498
6/02/2019,250.569458,82.013
7/02/2019,248.180832,80.718498
8/02/2019,248.484009,79.411003
11/02/2019,248.62178,79.550003
12/02/2019,251.818909,81.900497
13/02/2019,252.636581,82
14/02/2019,252.076202,81.1325
15/02/2019,254.823044,80.397499
19/02/2019,255.264099,81.378998
20/02/2019,255.778564,81.105003
21/02/2019,254.869019,80.972
22/02/2019,256.449249,81.578003
25/02/2019,256.79834,81.650002
26/02/2019,256.614563,81.82
27/02/2019,256.504364,82.054497
28/02/2019,256.026642,81.991501
1/03/2019,257.625214,83.586502
4/03/2019,256.688019,84.808502
5/03/2019,256.338989,84.621498
6/03/2019,254.786346,83.447502
7/03/2019,252.654938,81.297501
8/03/2019,252.149612,81.040001
11/03/2019,255.806076,83.530998
12/03/2019,256.770813,83.654999
13/03/2019,258.470398,84.540497
14/03/2019,258.305023,84.310997
15/03/2019,259.581177,85.617996
18/03/2019,260.5224,87.107498
19/03/2019,260.587036,88.092499
20/03/2019,259.802582,89.863503
21/03/2019,262.73703,90.962997
22/03/2019,257.680359,88.238503
25/03/2019,257.486542,88.712997
26/03/2019,259.405884,89.188004
27/03/2019,258.049469,88.285004
28/03/2019,259.027527,88.670998
29/03/2019,260.660858,89.037498
1/04/2019,263.752045,90.709503
2/04/2019,263.881287,90.698997
3/04/2019,264.296509,91.035004
4/04/2019,264.997772,90.943001
5/04/2019,266.280487,91.863998
8/04/2019,266.483459,92.492996
9/04/2019,265.117706,91.792
10/04/2019,266.022034,92.366501
11/04/2019,265.948242,92.203499
12/04/2019,267.74762,92.153
15/04/2019,267.572266,92.2435
16/04/2019,267.74762,93.152
17/04/2019,267.092438,93.240997
18/04/2019,267.618439,93.084503
22/04/2019,267.849091,94.365501
23/04/2019,270.257599,96.188499
24/04/2019,269.657806,95.087502
25/04/2019,269.491608,95.112503
26/04/2019,270.746552,97.531502
29/04/2019,271.171021,96.921501
30/04/2019,271.309448,96.325996
1/05/2019,269.270233,95.575996
2/05/2019,268.688812,95.041
3/05/2019,271.318634,98.123001
6/05/2019,270.202148,97.527496
7/05/2019,265.68988,96.050003
8/05/2019,265.32077,95.888496
9/05/2019,264.517914,94.9935
10/05/2019,265.846741,94.499001
13/05/2019,259.165955,91.134003
14/05/2019,261.509796,92.005997
15/05/2019,263.041565,93.557503
16/05/2019,265.47757,95.378502
17/05/2019,263.761353,93.449997
20/05/2019,262.017303,92.948502
21/05/2019,264.379517,92.875999
22/05/2019,263.567566,92.984001
23/05/2019,260.347107,90.774002
24/05/2019,260.937683,91.164001
28/05/2019,258.510803,91.821503
29/05/2019,256.776001,90.959503
30/05/2019,257.477325,90.816002
31/05/2019,254.007797,88.753502
3/06/2019,253.361755,84.634499
4/06/2019,258.861481,86.477997
5/06/2019,261.103699,86.925003
6/06/2019,262.801575,87.718002
7/06/2019,265.431519,90.2015
10/06/2019,266.649567,93.031502
11/06/2019,266.58493,93.184998
12/06/2019,266.114319,92.765999
13/06/2019,267.212311,93.514999
14/06/2019,266.917145,93.483498
17/06/2019,267.018616,94.301498
18/06/2019,269.814575,95.068497
19/06/2019,270.423584,95.439499
20/06/2019,273.007355,95.9095
21/06/2019,272.610474,95.565002
24/06/2019,272.276672,95.695
25/06/2019,269.606201,93.913498
26/06/2019,269.33725,94.891502
27/06/2019,270.292389,95.213997
28/06/2019,271.683197,94.681503
1/07/2019,274.149719,96.109497
2/07/2019,274.863617,96.7155
3/07/2019,277.061249,96.949997
5/07/2019,276.746002,97.1455
8/07/2019,275.225342,97.615997
9/07/2019,275.568359,99.415001
10/07/2019,276.885132,100.870499
11/07/2019,277.534119,100.053497
12/07/2019,278.776642,100.550003
15/07/2019,278.869385,101.0495
16/07/2019,277.96994,100.495003
17/07/2019,276.078339,99.601501
18/07/2019,277.08902,98.894997
19/07/2019,275.549866,98.225998
22/07/2019,276.226685,99.281502
23/07/2019,278.201752,99.724503
24/07/2019,279.509186,100.040497
25/07/2019,278.17395,98.691002
26/07/2019,280.03772,97.152496
29/07/2019,279.527649,95.622498
30/07/2019,278.841522,94.926498
31/07/2019,275.790985,93.338997
1/08/2019,273.389404,92.765999
2/08/2019,271.330902,91.162003
5/08/2019,263.171204,88.2565
6/08/2019,266.861481,89.391502
7/08/2019,267.019165,89.669998
8/08/2019,272.258179,91.644501
9/08/2019,270.403595,90.378998
12/08/2019,267.111938,89.246002
13/08/2019,271.2659,91.217003
14/08/2019,263.24527,88.148003
15/08/2019,263.940704,88.806
16/08/2019,267.835205,89.628502
19/08/2019,271.061951,90.806
20/08/2019,268.984955,90.069
21/08/2019,271.173218,91.177002
22/08/2019,271.089783,90.233002
23/08/2019,264.12619,87.481003
26/08/2019,267.046997,88.443497
27/08/2019,265.999268,88.091499
28/08/2019,267.872253,88.212502
29/08/2019,271.293701,89.32
30/08/2019,271.173218,88.814499
3/09/2019,269.587585,89.491997
4/09/2019,272.647522,90.030998
5/09/2019,276.152588,92.036003
6/09/2019,276.365753,91.675499
9/09/2019,276.504913,91.567497
10/09/2019,276.439941,91.027496
11/09/2019,278.405823,91.149498
12/09/2019,279.370087,92.177498
13/09/2019,279.184662,91.967003
16/09/2019,278.322388,90.391998
17/09/2019,279.027039,91.127502
18/09/2019,279.194,90.873001
19/09/2019,279.175323,91.074997
20/09/2019,277.856323,89.708
23/09/2019,277.791107,89.264999
24/09/2019,275.611328,87.080498
25/09/2019,277.241455,88.416496
26/09/2019,276.664001,86.991997
27/09/2019,275.173523,86.272499
30/09/2019,276.449707,86.795502
1/10/2019,273.161438,86.782501
2/10/2019,268.336121,85.661499
3/10/2019,270.534546,86.221001
4/10/2019,274.195435,86.982498
7/10/2019,273.01239,86.633003
8/10/2019,268.773865,85.275497
9/10/2019,271.326263,86.099503
10/10/2019,273.161438,86.013
11/10/2019,275.993225,86.596001
14/10/2019,275.685852,86.821503
15/10/2019,278.415253,88.369003
16/10/2019,277.96817,88.871498
17/10/2019,278.787872,89.374001
18/10/2019,277.567535,87.875504
21/10/2019,279.449219,89.282997
22/10/2019,278.536346,88.286499
23/10/2019,279.346802,88.108498
24/10/2019,279.803192,89.039001
25/10/2019,280.949005,88.066498
28/10/2019,282.532593,88.853996
29/10/2019,282.4487,88.135498
30/10/2019,283.315125,88.999496
31/10/2019,282.560547,88.833
1/11/2019,285.178162,89.571999
4/11/2019,286.323914,90.233002
5/11/2019,286.007172,90.085503
6/11/2019,286.072418,89.788498
7/11/2019,287.07843,89.410004
8/11/2019,287.786407,89.293999
11/11/2019,287.236816,88.582497
12/11/2019,287.842285,88.900002
13/11/2019,287.935455,87.655502
14/11/2019,288.354675,87.730003
15/11/2019,290.441315,86.974503
18/11/2019,290.655548,87.626503
19/11/2019,290.571655,87.639503
20/11/2019,289.491119,87.276497
21/11/2019,289.02533,86.735497
22/11/2019,289.668091,87.286003
25/11/2019,291.913086,88.692001
26/11/2019,292.574554,89.847
27/11/2019,293.878662,90.925499
29/11/2019,292.788727,90.040001
2/12/2019,290.301575,89.080002
3/12/2019,288.354675,88.498001
4/12/2019,290.133881,88.0345
5/12/2019,290.655548,87.024002
6/12/2019,293.310425,87.580002
9/12/2019,292.388184,87.475502
10/12/2019,292.062134,86.960503
11/12/2019,292.891113,87.435997
12/12/2019,295.41571,88.016502
13/12/2019,295.592651,88.046997
16/12/2019,297.623322,88.460503
17/12/2019,297.688599,89.532997
18/12/2019,297.707214,89.2015
19/12/2019,298.92749,89.613998
20/12/2019,300.238037,89.324997
23/12/2019,300.696747,89.650002
24/12/2019,300.706085,89.460503
26/12/2019,302.306885,93.438499
27/12/2019,302.231995,93.489998
30/12/2019,300.565704,92.344498
31/12/2019,301.295837,92.391998
2/01/2020,304.113495,94.900497
3/01/2020,301.81073,93.748497
6/01/2020,302.962128,95.143997
7/01/2020,302.110291,95.343002
8/01/2020,303.72049,94.598503
9/01/2020,305.779785,95.052498
10/01/2020,304.899811,94.157997
13/01/2020,306.996796,94.565002
14/01/2020,306.528656,93.472
15/01/2020,307.221436,93.100998
16/01/2020,309.776978,93.897003
17/01/2020,310.741211,93.236
21/01/2020,310.13269,94.599998
22/01/2020,310.170135,94.373001
23/01/2020,310.525848,94.228996
24/01/2020,307.764343,93.082001
27/01/2020,302.831055,91.417
28/01/2020,306.004486,92.662498
29/01/2020,305.751648,92.900002
30/01/2020,306.743958,93.533997
31/01/2020,301.174133,100.435997
3/02/2020,303.411407,100.209999
4/02/2020,308.035858,102.483498
5/02/2020,311.593018,101.9935
6/02/2020,312.64151,102.511497
7/02/2020,310.97522,103.963997
10/02/2020,313.296753,106.695503
11/02/2020,313.839783,107.540001
12/02/2020,315.861725,108
13/02/2020,315.524689,107.4935
14/02/2020,316.030182,106.7435
18/02/2020,315.21579,107.783501
19/02/2020,316.722931,108.511002
20/02/2020,315.421783,107.654999
21/02/2020,312.173462,104.7985
24/02/2020,301.820099,100.4645
25/02/2020,292.674286,98.637001
26/02/2020,291.597748,98.9795
27/02/2020,278.501617,94.214996
28/02/2020,277.331421,94.1875
2/03/2020,289.341766,97.697502
3/03/2020,281.05722,95.449501
4/03/2020,292.87085,98.791496
5/03/2020,283.135284,96.2015
6/03/2020,278.454773,95.054497
9/03/2020,256.708954,90.030502
10/03/2020,269.992371,94.591003
11/03/2020,256.830627,91.042999
12/03/2020,232.257843,83.830498
13/03/2020,252.112686,89.25
16/03/2020,224.525589,84.457497
17/03/2020,236.648193,90.391998
18/03/2020,224.666016,91.5
19/03/2020,225.143387,94.046501
20/03/2020,215.441055,92.304497
23/03/2020,209.932602,95.141502
24/03/2020,228.953186,97.004997
25/03/2020,232.380646,94.292
26/03/2020,245.949356,97.774498
27/03/2020,238.623566,95.004997
30/03/2020,246.373001,98.197502
31/03/2020,242.70076,97.486
1/04/2020,231.77803,95.385002
2/04/2020,237.126419,95.941498
3/04/2020,233.698929,95.329498
6/04/2020,249.395615,99.879501
7/04/2020,249.649857,100.580002
8/04/2020,258.030243,102.150002
9/04/2020,261.956757,102.138
13/04/2020,259.565033,108.443497
14/04/2020,267.220367,114.166
15/04/2020,261.54245,115.384003
16/04/2020,262.804169,120.4095
17/04/2020,269.903931,118.75
20/04/2020,265.148834,119.680496
21/04/2020,257.098022,116.405998
22/04/2020,262.804169,118.1745
23/04/2020,262.785339,119.972504
24/04/2020,266.448212,120.511002
27/04/2020,270.289948,118.800003
28/04/2020,269.047089,115.704002
29/04/2020,276.090363,118.635498
30/04/2020,273.519684,123.699997
1/05/2020,266.278748,114.302002
4/05/2020,267.013245,115.7995
5/05/2020,269.480194,115.889999
6/05/2020,267.653473,117.563004
7/05/2020,270.883209,118.380501
8/05/2020,275.365295,118.980499
11/05/2020,275.421753,120.449997
12/05/2020,269.93219,117.847504
13/05/2020,265.158203,118.396004
14/05/2020,268.331421,119.442497
15/05/2020,269.564972,120.488998
18/05/2020,277.775879,121.313004
19/05/2020,274.922729,122.466499
20/05/2020,279.593201,124.897003
21/05/2020,277.662842,122.336998
22/05/2020,278.190125,121.844002
26/05/2020,281.617554,121.093002
27/05/2020,285.80777,120.519501
28/05/2020,285.280487,120.055
29/05/2020,286.551697,122.1185
1/06/2020,287.709808,123.552002
2/06/2020,290.092102,123.620499
3/06/2020,293.952789,123.919998
4/06/2020,293.180542,123.029999
5/06/2020,300.694672,124.150002
8/06/2020,304.329315,126.203003
9/06/2020,302.060059,130.042999
10/06/2020,300.374512,132.372498
11/06/2020,283.058197,127.898003
12/06/2020,286.44812,127.250999
15/06/2020,289.122284,128.634003
16/06/2020,294.687195,130.763504
17/06/2020,293.463104,132.048996
18/06/2020,293.57608,132.699005
19/06/2020,291.898346,133.750504
22/06/2020,293.770905,135.690994
23/06/2020,295.123352,138.220505
24/06/2020,287.595154,136.720001
25/06/2020,290.678284,137.729004
26/06/2020,283.774261,134.643494
29/06/2020,287.945068,134.018997
30/06/2020,291.633575,137.940994
1/07/2020,293.6763,143.934998
2/07/2020,295.29361,144.514999
6/07/2020,299.852112,152.852005
7/07/2020,296.759521,150.005997
8/07/2020,299.029327,154.055496
9/07/2020,297.326965,159.1315
10/07/2020,300.362823,160
13/07/2020,297.761963,155.199997
14/07/2020,301.620697,154.199997
15/07/2020,304.391754,150.443497
16/07/2020,303.389313,149.994995
17/07/2020,304.26889,148.098495
20/07/2020,306.727844,159.841995
21/07/2020,307.38031,156.914505
22/07/2020,309.130005,154.995499
23/07/2020,305.441498,149.327499
24/07/2020,303.474426,150.445496
27/07/2020,305.687469,152.760498
28/07/2020,303.748657,150.016495
29/07/2020,307.484406,151.676498
30/07/2020,306.387299,152.593994
31/07/2020,308.808502,158.233994
3/08/2020,310.955322,155.594498
4/08/2020,312.156403,156.941498
5/08/2020,314.095245,160.251495
6/08/2020,316.194763,161.25
7/08/2020,316.421783,158.373001
10/08/2020,317.367523,157.408005
11/08/2020,314.747803,154.033493
12/08/2020,319.136108,158.112
13/08/2020,318.559204,158.050995
14/08/2020,318.568726,157.401001
17/08/2020,319.580597,159.120499
18/08/2020,320.270966,165.624496
19/08/2020,318.937469,163.024002
20/08/2020,319.930542,164.8685
21/08/2020,321.065399,164.235992
24/08/2020,324.318878,165.373001
25/08/2020,325.453766,167.324493
26/08/2020,328.716705,172.092499
27/08/2020,329.435364,170
28/08/2020,331.563354,170.089996
31/08/2020,330.362244,172.548004
1/09/2020,333.473816,174.955994
2/09/2020,338.29718,176.572495
3/09/2020,326.654907,168.399994
4/09/2020,323.987885,164.731003
8/09/2020,315.135529,157.492004
9/09/2020,321.358612,163.430496
10/09/2020,315.778687,158.755493
11/09/2020,315.939484,155.811005
14/09/2020,320.100739,155.148499
15/09/2020,321.718048,157.806503
16/09/2020,320.441315,153.904999
17/09/2020,317.622925,150.436493
18/09/2020,313.966187,147.745499
21/09/2020,310.471863,148.023499
22/09/2020,313.633881,156.449493
23/09/2020,306.360413,149.992996
24/09/2020,307.177032,150.989502
25/09/2020,312.143158,154.7565
28/09/2020,317.327576,158.702499
29/09/2020,315.599396,157.244003
30/09/2020,317.99231,157.436493
1/10/2020,320.033813,161.063004
2/10/2020,316.995209,156.25
5/10/2020,322.616577,159.960007
6/10/2020,318.030304,154.998001
7/10/2020,323.566101,159.7845
8/10/2020,326.433716,159.527496
9/10/2020,329.348846,164.332504
12/10/2020,334.647217,172.1465
13/10/2020,332.463318,172.181503
14/10/2020,330.374268,168.185501
15/10/2020,329.966064,166.932495
16/10/2020,329.766602,163.635498
19/10/2020,324.753082,160.360504
20/10/2020,326.053894,160.850494
21/10/2020,325.436737,159.246994
22/10/2020,327.221863,158.820007
23/10/2020,328.332825,160.220001
26/10/2020,322.265228,160.352005
27/10/2020,321.154297,164.316498
28/10/2020,310.177551,158.139008
29/10/2020,313.330078,160.550507
30/10/2020,310.063568,151.807495
2/11/2020,313.538879,150.223999
3/11/2020,319.074829,152.420502
4/11/2020,326.205811,162.057999
5/11/2020,332.567688,166.100006
6/11/2020,332.491821,165.568497
9/11/2020,336.6698,157.186996
10/11/2020,336.176025,151.751007
11/11/2020,338.67337,156.869507
12/11/2020,335.387848,155.514008
13/11/2020,340.031158,156.440506
16/11/2020,344.275604,156.552994
17/11/2020,342.424011,156.783005
18/11/2020,338.302979,155.272995
19/11/2020,339.727325,155.850998
20/11/2020,337.400909,154.970001
23/11/2020,339.423462,154.919495
24/11/2020,344.892883,155.903
25/11/2020,344.361115,159.253494
27/11/2020,345.320129,159.766998
30/11/2020,343.791321,158.401993
1/12/2020,347.551575,161.003998
2/12/2020,348.282684,160.176498
3/12/2020,348.187714,159.336502
4/12/2020,351.188293,158.128998
7/12/2020,350.466614,157.899994
8/12/2020,351.492157,158.864502
9/12/2020,348.33963,155.210007
10/12/2020,348.225708,155.074493
11/12/2020,347.817413,155.820999
14/12/2020,346.260162,157.848495
15/12/2020,350.941406,158.255997
16/12/2020,351.492157,162.048004
17/12/2020,353.457642,161.804001
18/12/2020,352.046387,160.082504
21/12/2020,350.787628,160.309006
22/12/2020,350.196381,160.326004
23/12/2020,350.511108,159.263504
24/12/2020,351.874756,158.634506
28/12/2020,354.897583,164.197998
29/12/2020,354.22052,166.100006
30/12/2020,354.725922,164.292496
31/12/2020,356.528229,162.846497
4/01/2021,351.674469,159.331497
5/01/2021,354.096558,160.925507
6/01/2021,356.213531,156.919006
7/01/2021,361.505951,158.108002
8/01/2021,363.565765,159.134995
11/01/2021,361.115021,155.710495
12/01/2021,361.191345,156.041504
13/01/2021,362.164001,158.294495
14/01/2021,360.89566,156.373505
15/01/2021,358.263794,155.212494
19/01/2021,361.076874,156.037994
20/01/2021,366.0737,163.169006
21/01/2021,366.40741,165.349503
22/01/2021,365.110596,164.611496
25/01/2021,366.550507,164.699997
26/01/2021,365.978333,166.306503
27/01/2021,357.033661,161.628998
28/01/2021,360.104218,161.880997
29/01/2021,352.895081,160.309998
1/02/2021,358.769196,167.143997
2/02/2021,363.842224,169
3/02/2021,364.128357,165.626495
4/02/2021,368.266937,166.550003
5/02/2021,369.71637,167.607498
8/02/2021,372.386444,166.147003
9/02/2021,372.138489,165.25
10/02/2021,371.97641,164.328995
11/02/2021,372.577148,163.106506
12/02/2021,374.417603,163.885498
16/02/2021,374.093353,163.447495
17/02/2021,374.179199,165.432007
18/02/2021,372.586731,166.411499
19/02/2021,371.928772,162.494995
22/02/2021,369.067932,159.037003
23/02/2021,369.516144,159.725006
24/02/2021,373.587982,157.976501
25/02/2021,364.586121,152.858002
26/02/2021,362.70752,154.6465
1/03/2021,371.499603,157.307007
2/03/2021,368.600677,154.726501
3/03/2021,363.718292,150.25
4/03/2021,359.217438,148.878494
5/03/2021,365.825775,150.022995
8/03/2021,364.004395,147.597504
9/03/2021,369.201508,153.142502
10/03/2021,371.499603,152.882004
11/03/2021,375.266266,155.679504
12/03/2021,375.771667,154.474503
15/03/2021,378.012634,154.084
16/03/2021,377.535858,154.593002
17/03/2021,378.823181,156.786499
18/03/2021,373.311462,151.399506
19/03/2021,372.620728,153.748001
22/03/2021,375.596069,155.543503
23/03/2021,372.639832,156.875
24/03/2021,370.745483,154.3535
25/03/2021,372.831177,152.313004
26/03/2021,378.839355,152.601501
29/03/2021,378.647949,153.786499
30/03/2021,377.643463,152.764496
31/03/2021,379.174164,154.703995
1/04/2021,383.26889,158.050003
5/04/2021,388.77002,161.336502
6/04/2021,388.540405,161.190994
7/04/2021,388.990082,163.969498
8/04/2021,390.836487,164.964996
9/04/2021,393.678009,168.610001
12/04/2021,393.821472,168.969498
13/04/2021,394.988647,170
14/04/2021,393.63974,166.649994
15/04/2021,397.868317,168.954498
16/04/2021,399.198212,169.972
19/04/2021,397.236938,168.600494
20/04/2021,394.328491,166.734497
21/04/2021,398.059723,168.100998
22/04/2021,394.424194,165.451996
23/04/2021,398.700684,167.044006
26/04/2021,399.533081,170.449997
27/04/2021,399.446899,170.871506
28/04/2021,399.332092,172.925003
29/04/2021,401.877014,173.565506
30/04/2021,399.236481,173.371002
3/05/2021,400.097534,169.324493
4/05/2021,397.629181,165.593506
5/05/2021,397.753601,163.526993
6/05/2021,400.92984,165.318497
7/05/2021,403.847778,164.580505
10/05/2021,399.848816,159.524506
11/05/2021,396.280182,161.195496
12/05/2021,387.861176,157.597
13/05/2021,392.520386,158.073502
14/05/2021,398.547607,161.145004
17/05/2021,397.533508,163.519501
18/05/2021,394.108521,161.613998
19/05/2021,393.075226,161.589996
20/05/2021,397.303925,162.384003
21/05/2021,396.978638,160.154007
24/05/2021,401.025543,162.249496
25/05/2021,400.135712,162.952499
26/05/2021,400.92984,163.257996
27/05/2021,401.140289,161.505493
28/05/2021,401.85788,161.153503
1/06/2021,401.503937,160.932495
2/06/2021,402.135254,161.699493
3/06/2021,400.642883,159.350494
4/06/2021,404.307068,160.311005
7/06/2021,403.914795,159.900497
8/06/2021,404.000885,163.205505
9/06/2021,403.398163,164.057495
10/06/2021,405.273346,167.482498
11/06/2021,405.943085,167.341507
14/06/2021,406.851959,169.193497
15/06/2021,406.105652,169.156494
16/06/2021,403.838257,170.762497
17/06/2021,403.704285,174.462006
18/06/2021,398.258179,174.345001
21/06/2021,403.959595,172.697998
22/06/2021,406.119263,175.272003
23/06/2021,405.629791,175.190994
24/06/2021,408.029388,172.453995
25/06/2021,409.478729,170.072998
28/06/2021,410.304199,172.194504
29/06/2021,410.524994,172.406998
30/06/2021,410.870544,172.007996
1/07/2021,413.145294,171.648499
2/07/2021,416.303192,175.548996
6/07/2021,415.544952,183.787003
7/07/2021,417.013458,184.828995
8/07/2021,413.615692,186.570496
9/07/2021,418.030914,185.966995
12/07/2021,419.528229,185.927505
13/07/2021,418.098114,183.867996
14/07/2021,418.721954,184.084
15/07/2021,417.291809,181.559998
16/07/2021,414.018768,178.681503
19/07/2021,407.904602,177.479507
20/07/2021,413.75,178.6595
21/07/2021,417.099915,179.259995
22/07/2021,417.973358,181.901505
23/07/2021,422.273468,182.832001
26/07/2021,423.310059,184.990997
27/07/2021,421.380768,181.319504
28/07/2021,421.208008,181.516006
29/07/2021,422.954895,179.996002
30/07/2021,420.900879,166.379501
2/08/2021,420.017761,166.574005
3/08/2021,423.434784,168.311996
4/08/2021,421.35199,167.735992
5/08/2021,424.020386,168.7995
6/08/2021,424.721008,167.246994
9/08/2021,424.375427,167.093506
10/08/2021,424.903381,166.033997
11/08/2021,425.959198,164.605499
12/08/2021,427.23584,165.175003
13/08/2021,428.013275,164.698502
16/08/2021,429.021118,164.949493
17/08/2021,426.208801,162.098007
18/08/2021,421.543945,160.061005
19/08/2021,422.196625,159.387497
20/08/2021,425.556122,159.997498
23/08/2021,429.299561,163.293503
24/08/2021,429.981018,165.289001
25/08/2021,430.88327,164.959
26/08/2021,428.339661,165.800003
27/08/2021,432.169434,167.481506
30/08/2021,434.069916,171.078506
31/08/2021,433.426819,173.539505
1/09/2021,433.657166,173.949997
2/09/2021,434.991364,173.156006
3/09/2021,434.885773,173.902496
7/09/2021,433.330841,175.464493
8/09/2021,432.802887,176.274994
9/09/2021,430.950409,174.207993
10/09/2021,427.552551,173.457504
13/09/2021,428.646759,172.858505
14/09/2021,426.333618,172.5
15/09/2021,429.894592,173.789505
16/09/2021,429.213135,174.412003
17/09/2021,425.032104,173.126007
20/09/2021,417.945007,167.786499
21/09/2021,417.550262,167.181503
22/09/2021,421.623383,169.002502
23/09/2021,426.746063,170.800003
24/09/2021,427.449005,171.276001
27/09/2021,426.226166,170.289993
28/09/2021,417.636902,165.798004
29/09/2021,418.339844,165.056
30/09/2021,413.226746,164.251999
1/10/2021,418.137573,164.162994
4/10/2021,412.745331,159.488998
5/10/2021,417.039856,161.050003
6/10/2021,418.773132,163.100494
7/10/2021,422.393707,165.121506
8/10/2021,421.623383,164.431
11/10/2021,418.570923,162.315002
12/10/2021,417.540619,162.366501
13/10/2021,419.042755,164.214005
14/10/2021,426.091309,164.992996
15/10/2021,429.336334,170.451004
18/10/2021,430.607391,172.337006
19/10/2021,433.929535,172.207504
20/10/2021,435.63385,170.753006
21/10/2021,436.770081,171.750504
22/10/2021,436.317505,166.777496
25/10/2021,438.657379,166.018494
26/10/2021,439.052246,168.803497
27/10/2021,437.107086,169.624496
28/10/2021,441.324707,172.328506
29/10/2021,442.220215,168.621506
1/11/2021,442.980957,165.905502
2/11/2021,444.771912,165.637497
3/11/2021,447.487396,169.199997
4/11/2021,449.59613,173.850006
5/11/2021,451.156128,175.949493
8/11/2021,451.54129,174.449005
9/11/2021,450.048737,178.811493
10/11/2021,446.428162,174.102493
11/11/2021,446.572601,173.625
12/11/2021,449.942841,176.257507
15/11/2021,450.096863,177.283997
16/11/2021,451.878265,177.035004
17/11/2021,450.780579,177.449997
18/11/2021,452.311615,184.802994
19/11/2021,451.502716,183.828506
22/11/2021,450.231689,178.628494
23/11/2021,450.828705,179.001999
24/11/2021,452.032349,179.020493
26/11/2021,441.950592,175.227997
29/11/2021,447.371826,178.078506
30/11/2021,438.667053,175.3535
1/12/2021,433.794678,172.186005
2/12/2021,440.438812,171.867996
3/12/2021,436.606445,169.489502
6/12/2021,441.777283,171.3685
7/12/2021,450.915405,176.164505
8/12/2021,452.109344,176.158005
9/12/2021,449.056946,174.171005
10/12/2021,453.284119,172.212006
13/12/2021,449.268829,169.567505
14/12/2021,446.177795,169.091507
15/12/2021,453.149292,173.315002
16/12/2021,449.153229,168.871002
17/12/2021,444.372894,170.017502
20/12/2021,439.647705,167.078995
21/12/2021,447.455444,170.417007
22/12/2021,451.929443,171.037003
23/12/2021,454.741333,171.068497
27/12/2021,461.176971,169.669495
28/12/2021,460.800049,170.660995
29/12/2021,461.389526,169.201004
30/12/2021,460.114014,168.644501
31/12/2021,458.954407,166.716995
3/01/2022,461.611725,170.404495
4/01/2022,461.457123,167.522003
5/01/2022,452.596191,164.356995
6/01/2022,452.171021,163.253998
7/01/2022,450.383331,162.554001
10/01/2022,449.822906,161.485992
11/01/2022,453.919983,165.362
12/01/2022,455.147186,165.207001
13/01/2022,448.875854,161.214005
14/01/2022,449.059509,162.138
18/01/2022,441.106842,158.917496
19/01/2022,436.52655,156.298996
20/01/2022,431.695038,151.667496
21/01/2022,423.220612,142.643005
24/01/2022,425.017914,144.544006
25/01/2022,419.828857,139.985992
26/01/2022,418.775604,138.872498
27/01/2022,416.707764,139.637497
28/01/2022,427.056793,143.977997
31/01/2022,434.748566,149.573502
1/02/2022,437.686127,151.193497
2/02/2022,441.937866,150.612503
3/02/2022,431.55014,138.845505
4/02/2022,433.579407,157.639496
7/02/2022,432.187927,157.935501
8/02/2022,435.743835,161.413498
9/02/2022,442.12149,161.189499
10/02/2022,434.178467,159.003494
11/02/2022,425.617035,153.293503
14/02/2022,424.225555,155.167007
15/02/2022,431.066986,156.510498
16/02/2022,431.55014,158.100494
17/02/2022,422.331635,154.652496
18/02/2022,419.596985,152.601501
22/02/2022,415.093994,150.197495
23/02/2022,407.730835,144.826996
24/02/2022,413.866821,151.358002
25/02/2022,422.998352,153.788498
28/02/2022,421.916077,153.563004
1/03/2022,415.490204,151.141998
2/03/2022,423.133667,152.052505
3/03/2022,421.02713,147.898499
4/03/2022,417.606354,145.641006
7/03/2022,405.295715,137.453003
8/03/2022,402.22287,136.014496
9/03/2022,413.006836,139.279007
10/03/2022,411.141876,146.817505
11/03/2022,405.914154,145.524506
14/03/2022,402.947632,141.852997
15/03/2022,411.808624,147.366501
16/03/2022,420.940125,153.104004
17/03/2022,426.206482,157.238998
18/03/2022,430.874634,161.250504
21/03/2022,430.748657,161.491501
22/03/2022,435.789001,164.889008
23/03/2022,430.176727,163.408005
24/03/2022,436.661377,163.649506
25/03/2022,438.793854,164.773499
28/03/2022,441.915009,168.990494
29/03/2022,447.381897,169.315002
30/03/2022,444.619385,166.300995
31/03/2022,437.776093,162.997498
1/04/2022,439.016846,163.559998
4/04/2022,442.777618,168.346497
5/04/2022,437.184784,164.054993
6/04/2022,432.813232,158.755997
7/04/2022,434.994202,157.7845
8/04/2022,433.830963,154.460495
11/04/2022,426.415863,151.121994
12/04/2022,424.835907,150.787506
13/04/2022,429.701813,155.541
14/04/2022,424.351227,151.706497
18/04/2022,424.525726,152.785004
19/04/2022,431.378662,158.115494
20/04/2022,431.058838,153.998001
21/04/2022,424.612946,148.296005
22/04/2022,412.961914,144.350006
25/04/2022,415.35611,146.074005
26/04/2022,403.327057,139.391006
27/04/2022,404.461151,138.167007
28/04/2022,414.677582,144.596497
29/04/2022,399.352905,124.281502
2/05/2022,401.756775,124.5
3/05/2022,403.598419,124.253502
4/05/2022,415.889221,125.928497
5/05/2022,401.10733,116.406998
6/05/2022,398.713165,114.772499
9/05/2022,385.947479,108.789001
10/05/2022,386.839203,108.859001
11/05/2022,380.693817,105.372002
12/05/2022,380.296387,106.930496
13/05/2022,389.388519,113.055
16/05/2022,387.808472,110.810501
17/05/2022,395.785889,115.3685
18/05/2022,379.831085,107.112503
19/05/2022,377.504791,107.319
20/05/2022,377.669586,107.591003
23/05/2022,384.735809,107.556999
24/05/2022,381.798798,104.099998
25/05/2022,385.171967,106.775002
26/05/2022,392.868286,111.077499
27/05/2022,402.512848,115.1465
31/05/2022,400.254333,120.209503
1/06/2022,397.016846,121.683998
2/06/2022,404.577484,125.511002
3/06/2022,397.937714,122.349998
6/06/2022,399.149384,124.790001
7/06/2022,402.978058,123
8/06/2022,398.596893,121.18
9/06/2022,389.117096,116.150002
10/06/2022,377.834381,109.650002
13/06/2022,363.488647,103.669998
14/06/2022,362.393372,102.309998
15/06/2022,367.559784,107.669998
16/06/2022,355.394989,103.660004
17/06/2022,356.161102,106.220001
21/06/2022,365.126984,108.68
22/06/2022,364.465057,108.949997
23/06/2022,368.037689,112.440002
24/06/2022,379.739075,116.459999
27/06/2022,378.288574,113.220001
28/06/2022,370.559082,107.400002
29/06/2022,370.257263,108.919998
30/06/2022,367.249176,106.209999
1/07/2022,371.133423,109.559998
5/07/2022,371.83432,113.5
6/07/2022,373.090118,114.330002
7/07/2022,378.677948,116.330002
8/07/2022,378.366486,115.540001
11/07/2022,374.044128,111.75
12/07/2022,370.734283,109.220001
13/07/2022,368.787292,110.400002
14/07/2022,367.891693,110.629997
15/07/2022,374.920319,113.550003
18/07/2022,371.824646,113.760002
19/07/2022,381.871033,118.209999
20/07/2022,384.304688,122.769997
21/07/2022,388.21817,124.629997
22/07/2022,384.616272,122.419998
25/07/2022,385.083588,121.139999
26/07/2022,380.527588,114.809998
27/07/2022,390.408539,120.970001
28/07/2022,395.305206,122.279999
29/07/2022,401.068268,134.949997
1/08/2022,399.880585,135.389999
2/08/2022,397.242462,134.160004
3/08/2022,403.463043,139.520004
4/08/2022,403.190491,142.570007
5/08/2022,402.509003,140.800003
8/08/2022,402.041718,139.410004
9/08/2022,400.445251,137.830002
10/08/2022,408.856171,142.690002
11/08/2022,408.856171,140.639999
12/08/2022,415.77771,143.550003
15/08/2022,417.490997,143.179993
16/08/2022,418.308777,144.779999
17/08/2022,415.33963,142.100006
18/08/2022,416.546783,142.300003
19/08/2022,410.949158,138.229996
22/08/2022,402.392181,133.220001
23/08/2022,401.418701,133.619995
24/08/2022,402.703735,133.800003
25/08/2022,408.388916,137.279999
26/08/2022,394.565369,130.75
29/08/2022,391.95639,129.789993
30/08/2022,387.653595,128.729996
31/08/2022,384.703888,126.769997
1/09/2022,385.911041,127.82
2/09/2022,381.841827,127.510002
6/09/2022,380.401062,126.110001
7/09/2022,387.234985,129.479996
8/09/2022,389.766052,129.820007
9/09/2022,395.821136,133.270004
12/09/2022,400.075287,136.449997
13/09/2022,382.679016,126.82
14/09/2022,384.139282,128.550003
15/09/2022,379.778015,126.279999
16/09/2022,376.880737,123.529999
19/09/2022,379.803406,124.660004
20/09/2022,375.443787,122.190002
21/09/2022,368.894653,118.540001
22/09/2022,365.79599,117.309998
23/09/2022,359.667145,113.779999
26/09/2022,356.1091,115.150002
27/09/2022,355.200012,114.410004
28/09/2022,362.189056,118.010002
29/09/2022,354.623322,114.800003
30/09/2022,349.139587,113
3/10/2022,358.3573,115.879997
4/10/2022,369.461578,121.089996
5/10/2022,368.601379,120.949997
6/10/2022,364.798981,120.300003
7/10/2022,354.623322,114.559998
10/10/2022,351.915649,113.669998
11/10/2022,349.686981,112.209999
12/10/2022,348.533508,112.900002
13/10/2022,357.73172,112.529999
14/10/2022,349.579468,106.900002
17/10/2022,358.562622,113.790001
18/10/2022,362.775574,116.360001
19/10/2022,360.204773,115.07
20/10/2022,357.184326,115.25
21/10/2022,365.864441,119.32
24/10/2022,370.341339,119.82
25/10/2022,376.255157,120.599998
26/10/2022,373.42041,115.660004
27/10/2022,371.426331,110.959999
28/10/2022,380.262848,103.410004
31/10/2022,377.516113,102.440002
1/11/2022,375.864136,96.790001
2/11/2022,366.431366,92.120003
3/11/2022,362.658295,89.300003
4/11/2022,367.878052,90.980003
7/11/2022,371.397034,90.529999
8/11/2022,373.400879,89.980003
9/11/2022,365.708069,86.139999
10/11/2022,385.805237,96.629997
11/11/2022,389.539246,100.790001
14/11/2022,386.225525,98.489998
15/11/2022,389.519684,98.940002
16/11/2022,386.548126,97.120003
17/11/2022,385.365295,94.849998
18/11/2022,387.115051,94.139999
21/11/2022,385.707489,92.459999
22/11/2022,390.897949,93.199997
23/11/2022,393.361237,94.129997
25/11/2022,393.273224,93.410004
28/11/2022,386.997772,93.949997
29/11/2022,386.333069,92.419998
30/11/2022,398.502777,96.540001
1/12/2022,398.209564,95.5
2/12/2022,397.750183,94.129997
5/12/2022,390.59491,91.010002
6/12/2022,384.964569,88.25
7/12/2022,384.309692,88.459999
8/12/2022,387.320282,90.349998
9/12/2022,384.427002,89.089996
12/12/2022,389.96933,90.550003
13/12/2022,392.921326,92.489998
14/12/2022,390.40918,91.580002
15/12/2022,380.859131,88.449997
16/12/2022,376.36264,87.860001
19/12/2022,373.171204,84.919998
20/12/2022,373.681854,85.190002
21/12/2022,379.269318,86.769997
22/12/2022,373.858643,83.790001
23/12/2022,376.009125,85.25
27/12/2022,374.526337,83.040001
28/12/2022,369.871765,81.82
29/12/2022,376.529572,84.18
30/12/2022,375.537781,84
3/01/2023,373.956818,85.82
4/01/2023,376.843811,85.139999
5/01/2023,372.542786,83.120003
6/01/2023,381.085938,86.080002
9/01/2023,380.869934,87.360001
10/01/2023,383.540894,89.870003
11/01/2023,388.391846,95.089996
12/01/2023,389.805939,95.269997
13/01/2023,391.318176,98.120003
17/01/2023,390.601318,96.050003
18/01/2023,384.434509,95.459999
19/01/2023,381.635895,93.68
20/01/2023,388.745392,97.25
23/01/2023,393.40979,97.519997
24/01/2023,392.987549,96.32
25/01/2023,393.134857,97.18
26/01/2023,397.455536,99.220001
27/01/2023,398.368774,102.239998
30/01/2023,393.370514,100.550003
31/01/2023,399.154388,103.129997
1/02/2023,403.396515,105.150002
2/02/2023,409.268707,112.910004
3/02/2023,404.918549,103.389999
6/02/2023,402.444,102.18
7/02/2023,407.707397,102.110001
8/02/2023,403.249207,100.050003
9/02/2023,399.753326,98.239998
10/02/2023,400.686249,97.610001
13/02/2023,405.389893,99.540001
14/02/2023,405.203339,99.699997
15/02/2023,406.519165,101.160004
16/02/2023,400.921936,98.150002
17/02/2023,399.920288,97.199997
21/02/2023,391.897522,94.580002
22/02/2023,391.357452,95.790001
23/02/2023,393.43927,95.82
24/02/2023,389.236359,93.5
27/02/2023,390.562042,93.760002
28/02/2023,389.11853,94.230003
1/03/2023,387.625916,92.169998
2/03/2023,390.640564,92.129997
3/03/2023,396.90564,94.900002
6/03/2023,397.180542,93.75
7/03/2023,391.092316,93.550003
8/03/2023,391.730591,93.919998
9/03/2023,384.503265,92.25
10/03/2023,378.955109,90.730003
13/03/2023,378.414948,92.43
14/03/2023,384.670197,94.879997
15/03/2023,382.264343,96.199997
16/03/2023,388.971222,100.040001
17/03/2023,384.423126,98.949997
20/03/2023,388.119568,97.709999
21/03/2023,393.215759,100.610001
22/03/2023,386.512848,98.699997
23/03/2023,387.557739,98.709999
24/03/2023,390.100891,98.129997
27/03/2023,390.830292,98.040001
28/03/2023,389.953064,97.239998
29/03/2023,395.620972,100.25
30/03/2023,397.937439,102
31/03/2023,403.546204,103.290001
3/04/2023,405.083954,102.410004
4/04/2023,402.836487,103.949997
5/04/2023,401.781769,101.099998
6/04/2023,403.34903,102.059998
10/04/2023,403.763062,102.169998
11/04/2023,403.87149,99.919998
12/04/2023,402.225311,97.830002
13/04/2023,407.567963,102.400002
14/04/2023,406.572388,102.510002
17/04/2023,408.031219,102.739998
18/04/2023,408.297363,102.300003
19/04/2023,408.228363,104.300003
20/04/2023,406.000671,103.809998
21/04/2023,406.316101,106.959999
24/04/2023,406.739929,106.209999
25/04/2023,400.283447,102.57
26/04/2023,398.587982,104.980003
27/04/2023,406.523102,109.82
28/04/2023,409.992828,105.449997
1/05/2023,409.578827,102.050003
2/05/2023,404.975464,103.629997
3/05/2023,402.19574,103.650002
4/05/2023,399.346985,104
5/05/2023,406.739929,105.660004
8/05/2023,406.848358,105.830002
9/05/2023,405.06424,106.620003
10/05/2023,406.956787,110.190002
11/05/2023,406.247101,112.18
12/05/2023,405.714783,110.260002
15/05/2023,407.114502,111.199997
16/05/2023,404.39389,113.400002
17/05/2023,409.302856,115.5
18/05/2023,413.245758,118.150002
19/05/2023,412.64444,116.25
22/05/2023,412.812042,115.010002
23/05/2023,408.179077,114.989998
24/05/2023,405.221924,116.75
25/05/2023,408.73111,115
26/05/2023,414.024445,120.110001
30/05/2023,414.18219,121.660004
31/05/2023,411.885437,120.580002
1/06/2023,415.798798,122.769997
2/06/2023,421.811676,124.25
5/06/2023,421.003387,125.300003
6/06/2023,421.920105,126.610001
7/06/2023,420.461212,121.230003
8/06/2023,423.004425,124.25
9/06/2023,423.763428,123.43
12/06/2023,427.607758,126.57
13/06/2023,430.42691,126.660004
14/06/2023,430.939484,126.419998
15/06/2023,436.282135,127.110001
16/06/2023,434.796082,125.489998
20/06/2023,432.540253,125.779999
21/06/2023,430.324066,124.830002
22/06/2023,431.877411,130.149994
23/06/2023,428.612396,129.330002
26/06/2023,426.861206,127.330002
27/06/2023,431.541016,129.179993
28/06/2023,431.758698,129.039993
29/06/2023,433.460388,127.900002
30/06/2023,438.575531,130.360001
3/07/2023,439.080139,130.220001
5/07/2023,438.427124,130.380005
6/07/2023,434.993958,128.360001
7/07/2023,433.895721,129.779999
10/07/2023,434.993958,127.129997
11/07/2023,437.764221,128.779999
12/07/2023,441.286438,130.800003
13/07/2023,444.788879,134.300003
14/07/2023,444.511871,134.679993
17/07/2023,446.055267,133.559998
18/07/2023,449.369751,132.830002
19/07/2023,450.369019,135.360001
20/07/2023,447.381073,129.960007
21/07/2023,447.381073,130
24/07/2023,449.379639,128.800003
25/07/2023,450.606476,129.130005
26/07/2023,450.675751,128.149994
27/07/2023,447.687775,128.25
28/07/2023,452.070801,132.210007
31/07/2023,452.931549,133.679993
1/08/2023,451.635468,131.690002
2/08/2023,445.352844,128.210007
3/08/2023,444.076538,128.910004
4/08/2023,442.068054,139.570007
7/08/2023,445.926666,142.220001
8/08/2023,443.987488,139.940002
9/08/2023,441.019318,137.850006
10/08/2023,441.177612,138.559998
11/08/2023,440.92038,138.410004
14/08/2023,443.354248,140.570007
15/08/2023,438.189697,137.669998
16/08/2023,434.974182,135.070007
17/08/2023,431.659729,133.979996
18/08/2023,431.867493,133.220001
21/08/2023,434.677368,134.679993
22/08/2023,433.499969,134.25
23/08/2023,438.328186,135.520004
24/08/2023,432.253387,131.839996
25/08/2023,435.300659,133.259995
28/08/2023,438.061066,133.139999
29/08/2023,444.393158,134.910004
30/08/2023,446.223511,135.070007
31/08/2023,445.570526,138.009995
1/09/2023,446.401581,138.119995
5/09/2023,444.47229,137.270004
6/09/2023,441.484314,135.360001
7/09/2023,440.128876,137.850006
8/09/2023,440.791748,138.229996
11/09/2023,443.690674,143.100006
12/09/2023,441.256775,141.229996
13/09/2023,441.771271,144.850006
14/09/2023,445.580414,144.720001
15/09/2023,440.211884,140.389999
18/09/2023,440.470062,139.979996
19/09/2023,439.55658,137.630005
20/09/2023,435.515625,135.289993
21/09/2023,428.31723,129.330002
22/09/2023,427.354156,129.119995
25/09/2023,429.151245,131.270004
26/09/2023,422.846466,125.980003
27/09/2023,423.015259,125.980003
28/09/2023,425.467682,125.980003
29/09/2023,424.43512,127.120003
2/10/2023,424.266296,129.460007
3/10/2023,418.587036,124.720001
4/10/2023,421.635193,127
5/10/2023,421.476318,125.959999
6/10/2023,426.480408,127.959999
9/10/2023,429.210815,128.259995
10/10/2023,431.444794,129.479996
11/10/2023,433.212128,131.830002
12/10/2023,430.571075,132.330002
13/10/2023,428.426453,129.789993
16/10/2023,432.934113,132.550003
17/10/2023,432.914246,131.470001
18/10/2023,427.14563,128.130005
19/10/2023,423.392548,128.399994
20/10/2023,418.18988,125.169998
23/10/2023,417.465057,126.559998
24/10/2023,420.612518,128.559998
25/10/2023,414.575775,121.389999
26/10/2023,409.61142,119.57
27/10/2023,407.75473,127.739998
30/10/2023,412.629791,132.710007
31/10/2023,415.221191,133.089996
1/11/2023,419.649414,137
2/11/2023,427.691742,138.070007
3/11/2023,431.59375,138.600006
6/11/2023,432.586609,139.740005
7/11/2023,433.817749,142.710007
8/11/2023,434.135498,142.080002
9/11/2023,430.749786,140.600006
10/11/2023,437.471527,143.559998
13/11/2023,437.054565,142.589996
14/11/2023,445.533752,145.800003
15/11/2023,446.476959,143.199997
16/11/2023,447.023041,142.830002
17/11/2023,447.579041,145.179993
20/11/2023,451.024353,146.130005
21/11/2023,450.041382,143.899994
22/11/2023,451.778931,146.710007
24/11/2023,452.056885,146.740005
27/11/2023,451.242767,147.729996
28/11/2023,451.689545,147.029999
29/11/2023,451.371826,146.320007
30/11/2023,453.149078,146.089996
1/12/2023,455.829865,147.029999
4/12/2023,453.437042,144.839996
5/12/2023,453.347656,146.880005
6/12/2023,451.520782,144.520004
7/12/2023,454.966064,146.880005
8/12/2023,456.922028,147.419998
11/12/2023,458.699249,145.889999
12/12/2023,460.79425,147.479996
13/12/2023,467.148651,148.839996
14/12/2023,468.647888,147.419998
15/12/2023,467.876282,149.970001
18/12/2023,470.508118,154.070007
19/12/2023,473.369232,153.789993
20/12/2023,466.809601,152.119995
21/12/2023,471.23587,153.839996
22/12/2023,472.182892,153.419998
26/12/2023,474.176697,153.410004
27/12/2023,475.034058,153.339996
28/12/2023,475.213501,153.380005
29/12/2023,473.837769,151.940002
